ScientistName,preparation,date,components,login,password
Непогодина Людмила Петровна,Витамин С,0900-02-24,Chemical_80 Chemical_34 Chemical_87,Непогодина_ЛП,aMWGzObibz
Нецкина Елизавета Василевна,Вальтрекс,0901-02-23,Chemical_27 Chemical_12 Chemical_63,Нецкина_ЕВ,YfKoGUd0N9
Неветруева Елена Эдуардовна,Гидрохлоротиазид,0902-11-21,Chemical_15 Chemical_82 Chemical_21,Неветруева_ЕЭ,wWw6ATGDSK
Махначев Павел Максимович,Урсофальк,0903-09-18,Chemical_33 Chemical_5 Chemical_47,Махначев_ПМ,aDiJ1UtMha
Михеюшкин Яков Игоревич,Тикалиптин,0905-03-24,Chemical_72 Chemical_18 Chemical_7,Михеюшкин_ЯИ,CYeIhtjTbB
Бригина Надежда Федоровна,Ретардин,0908-05-02,Chemical_92 Chemical_37 Chemical_19,Бригина_НФ,ohCRVg5nuW
Муренкаева Елизавета Аркадьевна,Омега-3 кислоты,0912-07-22,Chemical_81 Chemical_59 Chemical_73,Муренкаева_ЕА,I4xN70czz3
Вакунов Александр Викторович,Метопролол,0914-04-03,Chemical_58 Chemical_2 Chemical_87,Вакунов_АВ,rxkU4IRRmE
Оруджалиев Герасим Данилович,Рамиприл,0916-05-19,Chemical_33 Chemical_36 Chemical_98,Оруджалиев_ГД,O8MYcoObTq
Рабовский Дмитрий Яковлевич,Витамин С,0924-02-08,Chemical_35 Chemical_80 Chemical_55,Рабовский_ДЯ,NIhTQn3qtl
Екимовский Владислав Фёдорович,Венолайфт,0926-06-22,Chemical_59 Chemical_56 Chemical_77,Екимовский_ВФ,UNbaieS2Od
Аляудинова Яна Аркадьевна,Дуодарт,0926-11-12,Chemical_81 Chemical_28 Chemical_46,Аляудинова_ЯА,2fIBTJDQ5a
Веснянкина Марина Эдуардовна,Вальтрекс,0928-09-27,Chemical_38 Chemical_79 Chemical_54,Веснянкина_МЭ,esru0GQvHa
Шкваркин Федор Юрьевич,Тианептин,0929-07-27,Chemical_67 Chemical_56 Chemical_43,Шкваркин_ФЮ,fnBIV2bJLh
Агафеева Тамара Олеговна,Клопидогрел,0932-08-16,Chemical_17 Chemical_72 Chemical_22,Агафеева_ТО,Wd6SvRnvyA
Атарщиков Артём Викторович,Валидол,0935-09-01,Chemical_48 Chemical_25 Chemical_54,Атарщиков_АВ,rm1ReqHqAu
Абримов Павел Олегович,Амоксициллин,0938-12-20,Chemical_88 Chemical_13 Chemical_39,Абримов_ПО,aGnzdv9o5B
Танкуйлин Аркадий Кириллович,Железа препараты,0939-06-15,Chemical_58 Chemical_95 Chemical_70,Танкуйлин_АК,PPcIL7up6C
Столбова София Василевна,Атенолол,0940-07-17,Chemical_47 Chemical_34 Chemical_45,Столбова_СВ,EyXVxjpviy
Хусаинов Антон Алексеевич,Росувастатин,0949-06-08,Chemical_89 Chemical_77 Chemical_35,Хусаинов_АА,Er2c37Kg0q
Рубейкин Вячеслав Петрович,Метформин,0949-11-22,Chemical_15 Chemical_58 Chemical_1,Рубейкин_ВП,32z5PWXqwc
Наруцкая Катерина Андреевна,Венолайфт,0951-01-04,Chemical_84 Chemical_47 Chemical_3,Наруцкая_КА,wOkvOavVPt
Бызин Александр Олегович,Тикалиптин,0953-10-01,Chemical_93 Chemical_26 Chemical_28,Бызин_АО,fgA1pvuQwp
Самарков Вадим Андреевич,Железа препараты,0956-08-14,Chemical_42 Chemical_30 Chemical_66,Самарков_ВА,7D9b2AlnRS
Пудонин Виталий Данилович,Енап,0958-06-13,Chemical_4 Chemical_4 Chemical_92,Пудонин_ВД,hWTbn3bQV4
Крыницкий Владимир Борисович,Омепразол,0959-10-21,Chemical_4 Chemical_20 Chemical_41,Крыницкий_ВБ,dyv6AYkAf5
Ахмадуллин Александр Евгеньевич,Амитриптилин,0960-12-26,Chemical_90 Chemical_77 Chemical_84,Ахмадуллин_АЕ,7lg96Tx1bn
Пудинова Мария Андреевна,Сетирозин,0961-06-17,Chemical_26 Chemical_95 Chemical_60,Пудинова_МА,AX0Bz6HtLE
Пепинова Ева Ивановна,Ацетилсалициловая кислота,0963-02-26,Chemical_5 Chemical_62 Chemical_58,Пепинова_ЕИ,sR6JjwqADz
Пониматкин Артём Яковлевич,Бромгексин,0963-10-18,Chemical_11 Chemical_1 Chemical_69,Пониматкин_АЯ,RwYFJaabLt
Горбецкий Альберт Павлович,Ёжик,0968-10-24,Chemical_79 Chemical_33 Chemical_90,Горбецкий_АП,NMByVYo5X0
Манетов Павел Павлович,Бисакодил,0969-07-05,Chemical_11 Chemical_13 Chemical_51,Манетов_ПП,HoWFjRYxD3
Шабунов Юрий Алексиевич,Парацетамол,0970-10-22,Chemical_41 Chemical_31 Chemical_39,Шабунов_ЮА,2HhHxMF4xF
Постатская Полина Алексеевна,Бензоилпероксид,0972-06-28,Chemical_12 Chemical_76 Chemical_81,Постатская_ПА,kAUGZOOO00
Беларова Вероника Михайловна,Бензоилпероксид,0979-04-08,Chemical_86 Chemical_62 Chemical_41,Беларова_ВМ,4BikjYnDzm
Федурин Владимир Алексеевич,Амитриптилин,0982-10-20,Chemical_5 Chemical_75 Chemical_78,Федурин_ВА,zKWZ4N7MM2
Голубкова Ирина Игоревна,Аллопуринол,0983-02-03,Chemical_17 Chemical_4 Chemical_91,Голубкова_ИИ,lajCoAB6qR
Хвощинская Катерина Федоровна,Золаир,0984-06-19,Chemical_8 Chemical_80 Chemical_30,Хвощинская_КФ,z8IHt6oR5Z
Даданина Ксения Максимовна,Енап,0984-11-05,Chemical_4 Chemical_7 Chemical_89,Даданина_КМ,nsoZ1wZasr
Кочеляева Александра Игоревна,Лоразепам,0989-06-20,Chemical_89 Chemical_40 Chemical_79,Кочеляева_АИ,EyncPtuAAr
Магусумова Ирина Олеговна,Дикарбазин,0991-07-16,Chemical_51 Chemical_15 Chemical_2,Магусумова_ИО,nLNG9soKPG
Актанаев Игорь Валериевич,Бисопролол,0992-01-04,Chemical_2 Chemical_11 Chemical_72,Актанаев_ИВ,DgiyVd56CA
Самрова Елизавета Евгеньевна,Сертралин,0992-02-25,Chemical_78 Chemical_50 Chemical_12,Самрова_ЕЕ,6Crpf1492d
Череватова Вероника Вадимовна,Кандесартан,0998-12-19,Chemical_39 Chemical_85 Chemical_90,Череватова_ВВ,TktD6KqOYa
Плетцова Виолетта Богдановна,Дикарбазин,0999-04-28,Chemical_52 Chemical_83 Chemical_21,Плетцова_ВБ,WDnyYZuSho
Вазильева Марина Яковлевна,Валацикловир,1000-10-15,Chemical_31 Chemical_53 Chemical_1,Вазильева_МЯ,1QWsaDWlnz
Кушаев Геннадий Игоревич,Диклофенак,1001-05-07,Chemical_16 Chemical_48 Chemical_94,Кушаев_ГИ,kCjGqEwlhz
Савыкин Геннадий Георгиевич,Тианептин,1002-05-22,Chemical_46 Chemical_14 Chemical_72,Савыкин_ГГ,24ON9lbTqg
Шарафанова Виктория Егоровна,Протоник,1004-04-20,Chemical_9 Chemical_97 Chemical_88,Шарафанова_ВЕ,mx2uySotiV
Шерекина Екатерина Николаевна,Симвастатин,1005-05-02,Chemical_44 Chemical_1 Chemical_79,Шерекина_ЕН,FFOBOew1RD
Поканкина Марина Михайловна,Глюкозамин,1008-12-26,Chemical_2 Chemical_85 Chemical_55,Поканкина_ММ,YtFSNzpn8v
Ачин Герасим Данилович,Гидрохлоротиазид,1014-01-22,Chemical_18 Chemical_70 Chemical_37,Ачин_ГД,PfDpRD2ZJp
Хотькова Виктория Игоревна,Сертралин,1015-01-18,Chemical_77 Chemical_22 Chemical_2,Хотькова_ВИ,6A7Hoz4klQ
Лакушова Тамара Ивановна,Бетаин,1016-09-01,Chemical_91 Chemical_90 Chemical_42,Лакушова_ТИ,G0ghuJLpJT
Зиганова Зинаида Кирилловна,Ранитидин,1018-11-14,Chemical_79 Chemical_78 Chemical_77,Зиганова_ЗК,NuKd1SVYRU
Беклев Семён Яковлевич,Золедроновая кислота,1022-11-17,Chemical_54 Chemical_97 Chemical_80,Беклев_СЯ,2py1m8sW80
Кашелев Борис Данилович,Метформин,1023-04-07,Chemical_97 Chemical_58 Chemical_29,Кашелев_БД,78QuPEUpaI
Илалов Тарас Яковлевич,Допамин,1025-05-04,Chemical_51 Chemical_21 Chemical_67,Илалов_ТЯ,vd2Nvr3L9Z
Дугарский Александр Алексеевич,Спазмалгон,1026-06-26,Chemical_62 Chemical_71 Chemical_5,Дугарский_АА,Oc0skmOcjo
Осицимский Алексей Юриевич,Норматен,1026-12-09,Chemical_81 Chemical_80 Chemical_35,Осицимский_АЮ,Um5tErWkCR
Мицина Светлана Кирилловна,Норматен,1032-04-04,Chemical_44 Chemical_16 Chemical_60,Мицина_СК,cpUGEst6VP
Хажкасимов Борис Алексиевич,Живина,1032-08-14,Chemical_54 Chemical_85 Chemical_12,Хажкасимов_БА,TvPU0InkV3
Проселкова Зинаида Максимовна,Рибавирин,1032-10-19,Chemical_46 Chemical_99 Chemical_73,Проселкова_ЗМ,biWPPypVMB
Близнюкова Ирина Эдуардовна,Метформин,1034-08-26,Chemical_51 Chemical_60 Chemical_94,Близнюкова_ИЭ,smIpCIT5f4
Подласова Вера Андреевна,Рибавирин,1034-12-01,Chemical_80 Chemical_33 Chemical_46,Подласова_ВА,Y5WCzSSFjY
Аранышев Иван Юрьевич,Тианептин,1035-08-27,Chemical_56 Chemical_60 Chemical_53,Аранышев_ИЮ,9F7gLyKM3M
Скарлыкин Павел Яковлевич,Золедроновая кислота,1037-07-04,Chemical_5 Chemical_93 Chemical_49,Скарлыкин_ПЯ,TaWqO0V6Z6
Туржанский Семён Антонович,Уоллтапс,1042-06-13,Chemical_18 Chemical_78 Chemical_92,Туржанский_СА,dYciTd1epr
Личутина Екатерина Богдановна,Женьшень,1042-06-18,Chemical_39 Chemical_62 Chemical_89,Личутина_ЕБ,GUdw1M7hZ0
Максимцев Станислав Николаевич,Зинорам,1045-01-13,Chemical_78 Chemical_13 Chemical_54,Максимцев_СН,PAJglMm9Xi
Размыкова Алина Кирилловна,Тианептин,1045-06-04,Chemical_86 Chemical_37 Chemical_69,Размыкова_АК,X8DystrAtM
Мухоткин Валентин Кириллович,Пилипен,1051-12-04,Chemical_41 Chemical_17 Chemical_15,Мухоткин_ВК,QDnXCsGUOW
Колтакова Алиса Максимовна,Иммунивит,1056-07-16,Chemical_52 Chemical_1 Chemical_80,Колтакова_АМ,2q6UZsnxtP
Типтева София Богдановна,Омепразол,1056-08-24,Chemical_28 Chemical_97 Chemical_54,Типтева_СБ,IO3ucESsQU
Бульдыгина Кира Михайловна,Рибавирин,1057-06-18,Chemical_57 Chemical_21 Chemical_81,Бульдыгина_КМ,gFojNTQjCs
Тащенков Дмитрий Денисович,Триптаны,1059-08-28,Chemical_84 Chemical_14 Chemical_9,Тащенков_ДД,l9xSjIK38A
Потрягина Кристина Романовна,Пропанолол,1060-03-02,Chemical_58 Chemical_14 Chemical_83,Потрягина_КР,okJqMpxnVb
Ананчева Вероника Ивановна,Гидрохлоротиазид,1060-03-03,Chemical_98 Chemical_57 Chemical_56,Ананчева_ВИ,PuJREirD14
Гомбожапов Андрей Юриевич,Пентоксифиллин,1060-03-13,Chemical_82 Chemical_78 Chemical_67,Гомбожапов_АЮ,I8zFaR989j
Федулин Альберт Иванович,Амоксиклав,1063-06-15,Chemical_78 Chemical_30 Chemical_55,Федулин_АИ,8PCCeVUE12
Цыцарцев Валерий Василиевич,Нитросорбид,1063-08-08,Chemical_21 Chemical_60 Chemical_8,Цыцарцев_ВВ,oX7oqUgNxk
Халипский Евгений Алексеевич,Пилипен,1068-05-23,Chemical_62 Chemical_13 Chemical_92,Халипский_ЕА,2pYHfCzImc
Беломожнов Михаил Романович,Левотироксин,1072-09-24,Chemical_46 Chemical_12 Chemical_12,Беломожнов_МР,mU4N6zPmic
Чубанова Алёна Романовна,Мелоксикам,1072-11-13,Chemical_76 Chemical_38 Chemical_23,Чубанова_АР,yqXi7NVc99
Гнетнев Григорий Денисович,Евалар солгар мультивитамини,1074-07-16,Chemical_12 Chemical_69 Chemical_99,Гнетнев_ГД,5beXNDwrgu
Шаульская Надежда Максимовна,Дектанол,1077-04-05,Chemical_27 Chemical_31 Chemical_39,Шаульская_НМ,7oW6eOnccK
Бострикова Софья Романовна,Оланзапин,1080-12-09,Chemical_94 Chemical_40 Chemical_35,Бострикова_СР,XFey1yxONn
Шкутин Юрий Алексиевич,Рибавирин,1088-02-23,Chemical_49 Chemical_67 Chemical_24,Шкутин_ЮА,FbPb2EgA37
Писеева Катерина Богдановна,Амоксиклав,1090-11-18,Chemical_18 Chemical_16 Chemical_47,Писеева_КБ,8bYGkn1iTH
Справников Игорь Адамович,Дуодарт,1091-06-24,Chemical_11 Chemical_85 Chemical_63,Справников_ИА,1dpH6yMnui
Чарышкин Игорь Денисович,Рамиприл,1092-10-21,Chemical_41 Chemical_65 Chemical_60,Чарышкин_ИД,JJeeP0mwzk
Потешных Дмитрий Иванович,Колчицин,1097-08-05,Chemical_97 Chemical_4 Chemical_22,Потешных_ДИ,HsHXNrXbXs
Чубокова Виолетта Валерьевна,Бактрим,1103-03-12,Chemical_6 Chemical_72 Chemical_15,Чубокова_ВВ,Kzt8EOxqku
Курцапов Виктор Иванович,Витамин С,1104-12-05,Chemical_11 Chemical_22 Chemical_63,Курцапов_ВИ,IPGDpUZyaK
Ярычевский Максим Евгеньевич,Глюкозамин,1106-01-17,Chemical_34 Chemical_86 Chemical_88,Ярычевский_МЕ,mD4nDH3DPC
Могеев Станислав Алексиевич,Агонал,1106-11-23,Chemical_34 Chemical_87 Chemical_23,Могеев_СА,LCkqC1Zpgx
Новеньких Валерий Борисович,Азитромицин,1107-06-25,Chemical_98 Chemical_81 Chemical_70,Новеньких_ВБ,El8cyA0sBT
Юртайкина Зинаида Ивановна,Уоллтапс,1107-09-26,Chemical_14 Chemical_47 Chemical_64,Юртайкина_ЗИ,jeS9Y5FUUQ
Шалапугина Юлия Дмитриевна,Дуодарт,1109-04-27,Chemical_3 Chemical_17 Chemical_20,Шалапугина_ЮД,pQQSuQZvtm
Камашкин Артём Вадимович,Итрафунгол,1114-02-27,Chemical_98 Chemical_32 Chemical_16,Камашкин_АВ,NKYftEoEBr
Шишанкова Алла Алексеевна,Бензоилпероксид,1115-02-04,Chemical_77 Chemical_66 Chemical_79,Шишанкова_АА,Qvw7vjKXpG
Шадыкина Кристина Яковлевна,Габапентин,1115-03-22,Chemical_18 Chemical_15 Chemical_92,Шадыкина_КЯ,b0mc8xdFJ6
Вендеров Никита Тимофеевич,Витамин С,1119-02-24,Chemical_43 Chemical_97 Chemical_3,Вендеров_НТ,tAS7fP12KW
Ярмизина Алиса Богдановна,Живина,1120-09-19,Chemical_11 Chemical_15 Chemical_69,Ярмизина_АБ,hx4b4y1nYg
Родных Игорь Михаилович,Валидол,1123-03-07,Chemical_77 Chemical_45 Chemical_100,Родных_ИМ,BMAK61NZQr
Тихнова Ольга Богдановна,Глюкозамин,1124-07-15,Chemical_86 Chemical_62 Chemical_81,Тихнова_ОБ,FH9GAbEjQG
Биклинев Никита Фёдорович,Евалар солгар мультивитамини,1124-08-10,Chemical_26 Chemical_95 Chemical_71,Биклинев_НФ,7sZ80TRCDs
Лушаков Руслан Василиевич,Омепразол,1128-03-25,Chemical_12 Chemical_17 Chemical_62,Лушаков_РВ,UlaOULhwuT
Шляпников Иван Максимович,Оксикодон,1128-07-09,Chemical_61 Chemical_27 Chemical_97,Шляпников_ИМ,75mbsE4PBK
Валкин Денис Олегович,Парацетамол,1129-04-09,Chemical_93 Chemical_33 Chemical_39,Валкин_ДО,5X4gIdoBdg
Гаврилкин Вадим Василиевич,Уоллтапс,1135-11-22,Chemical_91 Chemical_96 Chemical_8,Гаврилкин_ВВ,9FlbpBksvz
Бургов Иван Михаилович,Итрафунгол,1145-09-06,Chemical_26 Chemical_92 Chemical_80,Бургов_ИМ,e7uYB85Lxy
Холсин Константин Сергеевич,Кетопрофен,1148-04-05,Chemical_32 Chemical_86 Chemical_37,Холсин_КС,HJsuJfR8L8
Копнин Роман Юрьевич,Протоник,1148-05-10,Chemical_30 Chemical_53 Chemical_37,Копнин_РЮ,mY9tTch3z9
Дрыкина Кристина Василевна,Метопролол,1152-05-06,Chemical_79 Chemical_60 Chemical_18,Дрыкина_КВ,27ghgDRRzl
Тайдаков Виталий Романович,Габапентин,1154-10-13,Chemical_10 Chemical_61 Chemical_4,Тайдаков_ВР,VCSa28o1Wo
Модоров Яков Фёдорович,Агонал,1157-01-26,Chemical_43 Chemical_32 Chemical_25,Модоров_ЯФ,qc8KM9mjvc
Шинякова Светлана Егоровна,Зинорам,1157-11-16,Chemical_26 Chemical_5 Chemical_8,Шинякова_СЕ,nKI02a7SME
Томасов Владислав Максимович,Женьшень,1162-07-26,Chemical_69 Chemical_54 Chemical_57,Томасов_ВМ,Ba34oM41cZ
Духиева Алла Никитична,Гидрохлоротиазид,1163-04-13,Chemical_64 Chemical_11 Chemical_44,Духиева_АН,gP4mLnHZfR
Ионкин Владимир Иванович,Ретардин,1164-04-22,Chemical_71 Chemical_3 Chemical_11,Ионкин_ВИ,2szelOGAJs
Ващугина Надежда Петровна,Метформин,1166-02-10,Chemical_11 Chemical_45 Chemical_38,Ващугина_НП,tUsaXF4pMq
Миридинов Денис Денисович,Зылорик,1166-03-13,Chemical_17 Chemical_42 Chemical_97,Миридинов_ДД,lsAM0ZLC1k
Кузубов Роман Кириллович,Триптаны,1167-06-06,Chemical_36 Chemical_64 Chemical_98,Кузубов_РК,4eWxkzbnNQ
Щуринова Ольга Вадимовна,Валацикловир,1171-09-14,Chemical_1 Chemical_26 Chemical_84,Щуринова_ОВ,pcpH0noTn3
Мазаркина Инна Сергеевна,Урсофальк,1174-11-25,Chemical_96 Chemical_27 Chemical_81,Мазаркина_ИС,eRtWbNB5SX
Хубежев Никита Борисович,Небиволол,1175-06-13,Chemical_16 Chemical_71 Chemical_7,Хубежев_НБ,d8dEyuKPdU
Кущенкова Алиса Михайловна,Бисопролол,1176-03-21,Chemical_77 Chemical_92 Chemical_31,Кущенкова_АМ,kLowJqADW1
Семушин Эдуард Кириллович,Валацикловир,1178-02-21,Chemical_51 Chemical_23 Chemical_78,Семушин_ЭК,eZLmN3w6AN
Копелькина Елизавета Алексеевна,Агонал,1181-05-22,Chemical_4 Chemical_58 Chemical_52,Копелькина_ЕА,3ESXIkihL5
Щучина Галина Эдуардовна,Дексаметазон,1181-07-23,Chemical_37 Chemical_89 Chemical_64,Щучина_ГЭ,1y2PzEqcUz
Мошевитин Юрий Виталиевич,Линезолид,1181-11-22,Chemical_48 Chemical_97 Chemical_5,Мошевитин_ЮВ,QTRPJVvu6e
Давличаров Павел Игоревич,Бензоилпероксид,1184-02-17,Chemical_32 Chemical_73 Chemical_98,Давличаров_ПИ,DMZ8UK6Sq6
Зыбинов Борис Тимофеевич,Парацетамол,1184-05-26,Chemical_41 Chemical_15 Chemical_54,Зыбинов_БТ,PSqQ8IjwBV
Шелмаков Георгий Николаевич,Золаир,1188-05-12,Chemical_93 Chemical_31 Chemical_58,Шелмаков_ГН,YHtkAVnRXc
Жарченков Николай Евгеньевич,Зинорам,1191-04-27,Chemical_49 Chemical_10 Chemical_23,Жарченков_НЕ,mXNre7S04X
Кобызева Ольга Андреевна,Лантус,1198-01-23,Chemical_25 Chemical_64 Chemical_89,Кобызева_ОА,lDSaQHCIKq
Дащинский Ярослав Данилович,Мидокалм,1198-09-04,Chemical_66 Chemical_33 Chemical_93,Дащинский_ЯД,rtxlXk5EZT
Осоргин Григорий Денисович,Зылорик,1201-05-27,Chemical_63 Chemical_98 Chemical_69,Осоргин_ГД,ORxJnQhgbo
Ивлюшин Георгий Николаевич,Амоксициллин,1202-01-01,Chemical_85 Chemical_54 Chemical_72,Ивлюшин_ГН,ArSrVgnmhd
Помадкова Тамара Егоровна,Оланзапин,1213-01-09,Chemical_33 Chemical_8 Chemical_80,Помадкова_ТЕ,qtnRIOVVvl
Сусленков Игорь Денисович,Мезим,1214-05-15,Chemical_95 Chemical_79 Chemical_44,Сусленков_ИД,NydYOjzYQb
Алтамонов Борис Аркадиевич,Оланзапин,1215-11-17,Chemical_57 Chemical_81 Chemical_21,Алтамонов_БА,Y4GdYwyY7d
Милавина Виолетта Аркадьевна,Росувастатин,1215-12-04,Chemical_40 Chemical_57 Chemical_47,Милавина_ВА,4zQm5vdegY
Лужинская Евгения Евгеньевна,Росувастатин,1217-08-04,Chemical_28 Chemical_3 Chemical_32,Лужинская_ЕЕ,eEMLixsHhu
Мадаминова Валерия Валерьевна,Транексамовая кислота,1219-09-11,Chemical_8 Chemical_80 Chemical_62,Мадаминова_ВВ,9vBuU7YbOT
Домашников Яков Юрьевич,Ингавирин,1222-03-06,Chemical_52 Chemical_85 Chemical_87,Домашников_ЯЮ,YwBotgQFLD
Байдильдин Станислав Вадимович,Гропирон,1224-02-12,Chemical_17 Chemical_6 Chemical_88,Байдильдин_СВ,R8FNQH948G
Лучшев Федор Алексеевич,Омега-3 кислоты,1231-01-14,Chemical_58 Chemical_87 Chemical_97,Лучшев_ФА,DPpyTJSzC1
Алшибекова Вероника Леонидовна,Преднизолон,1231-04-18,Chemical_64 Chemical_29 Chemical_68,Алшибекова_ВЛ,TuoJJUYJOc
Закакуев Максим Фёдорович,Нимулид,1236-09-19,Chemical_64 Chemical_51 Chemical_51,Закакуев_МФ,Yguq3EksGm
Ароматова Анастасия Максимовна,Железа препараты,1239-07-25,Chemical_47 Chemical_7 Chemical_75,Ароматова_АМ,VxT2idHY2v
Лутфиева Алина Викторовна,Преднизолон,1239-11-01,Chemical_32 Chemical_68 Chemical_74,Лутфиева_АВ,gdUnIQL7Q7
Монастыров Иван Юриевич,Ибупрофен,1241-12-25,Chemical_30 Chemical_52 Chemical_21,Монастыров_ИЮ,MpeaUD14Kp
Липезина Анна Алексеевна,Тианептин,1244-04-02,Chemical_17 Chemical_84 Chemical_70,Липезина_АА,OwgDCRqG4E
Шехоболова Светлана Никитична,Железа препараты,1245-05-18,Chemical_45 Chemical_29 Chemical_5,Шехоболова_СН,dwUwssjZTO
Вотова Лариса Олеговна,Линезолид,1245-11-26,Chemical_82 Chemical_82 Chemical_78,Вотова_ЛО,m8yipVadTV
Рукавичкин Григорий Петрович,Бромгексин,1247-10-09,Chemical_15 Chemical_40 Chemical_5,Рукавичкин_ГП,xAHBW5fGHJ
Гейдаров Артур Викторович,Бензоилпероксид,1251-01-09,Chemical_71 Chemical_94 Chemical_67,Гейдаров_АВ,IzNtw7Ah6M
Нечахин Альберт Николаевич,Азитромицин,1254-03-20,Chemical_16 Chemical_15 Chemical_70,Нечахин_АН,4vwnQpjQ6m
Кажайкина Карина Эдуардовна,Парацетамол,1254-11-19,Chemical_52 Chemical_10 Chemical_70,Кажайкина_КЭ,dCldUylm9Q
Калмыков Эдуард Георгиевич,Лоразепам,1256-01-24,Chemical_59 Chemical_99 Chemical_20,Калмыков_ЭГ,danFg75unV
Крутцов Станислав Юриевич,Росувастатин,1256-01-26,Chemical_8 Chemical_39 Chemical_82,Крутцов_СЮ,fUjOP5bVr1
Семовских Лиза Викторовна,Пропанолол,1256-04-10,Chemical_75 Chemical_31 Chemical_8,Семовских_ЛВ,9Agr4fclnr
Такинова Жанна Эдуардовна,Тикалиптин,1257-06-04,Chemical_2 Chemical_60 Chemical_35,Такинова_ЖЭ,sp0Zty1zeF
Стенцова Лиза Петровна,Диклофенак,1261-11-17,Chemical_65 Chemical_13 Chemical_29,Стенцова_ЛП,LBSQpRDXvB
Бушина Софья Олеговна,Глюкозамин,1262-08-12,Chemical_62 Chemical_31 Chemical_84,Бушина_СО,INFC5hOBVs
Кваснинов Кирилл Адамович,Ретардин,1267-09-14,Chemical_22 Chemical_11 Chemical_68,Кваснинов_КА,crhfMZ5rRV
Кофтерова Алёна Никитична,Левотироксин,1268-01-22,Chemical_99 Chemical_59 Chemical_84,Кофтерова_АН,wvUdfD6OZV
Искуснова Алла Максимовна,Золедроновая кислота,1269-06-24,Chemical_80 Chemical_10 Chemical_51,Искуснова_АМ,Qdy5Y44SB8
Мятченкова Евгения Сергеевна,Омепразол,1273-04-07,Chemical_23 Chemical_29 Chemical_48,Мятченкова_ЕС,uUZk3KNzYP
Рубинов Руслан Иванович,Рамиприл,1276-02-24,Chemical_38 Chemical_46 Chemical_16,Рубинов_РИ,lTDWeGYWVx
Яловкина Елизавета Игоревна,Тикалиптин,1278-05-05,Chemical_23 Chemical_34 Chemical_81,Яловкина_ЕИ,njy6phQRtL
Буглина Инна Михайловна,Ацетилсалициловая кислота,1278-10-17,Chemical_66 Chemical_100 Chemical_62,Буглина_ИМ,UWeMOBVZAY
Севастокин Виктор Романович,Мидокалм,1279-04-15,Chemical_2 Chemical_64 Chemical_2,Севастокин_ВР,ylp53ExcXw
Масульская Инна Максимовна,Оланзапин,1286-04-02,Chemical_18 Chemical_9 Chemical_77,Масульская_ИМ,yVGMm5vetD
Заиров Кирилл Максимович,Пропанолол,1288-01-06,Chemical_27 Chemical_70 Chemical_95,Заиров_КМ,XaYTwLJxPN
Ганчева Кира Олеговна,Зылорик,1288-08-10,Chemical_39 Chemical_83 Chemical_73,Ганчева_КО,7hoXCsXa4R
Андрюшина Дарья Кирилловна,Кладрибин,1293-10-04,Chemical_92 Chemical_54 Chemical_82,Андрюшина_ДК,kWPtzwMJrT
Свецкая Наталья Ивановна,Диклофенак,1296-10-17,Chemical_63 Chemical_31 Chemical_40,Свецкая_НИ,9mB7bhq59o
Самолюбов Герасим Вадимович,Бактрим,1297-09-04,Chemical_44 Chemical_21 Chemical_5,Самолюбов_ГВ,11zeFeAwCr
Собина Галина Ивановна,Дектанол,1299-01-25,Chemical_87 Chemical_6 Chemical_84,Собина_ГИ,6uWriEszKI
Черкина Катерина Егоровна,Левофлоксацин,1299-10-11,Chemical_18 Chemical_51 Chemical_58,Черкина_КЕ,AmAzvx5kbm
Добрышкин Аркадий Валериевич,Золаир,1300-11-25,Chemical_32 Chemical_43 Chemical_27,Добрышкин_АВ,Ac9Lh3ljsz
Эйдикова Ирина Егоровна,Ранитидин,1304-10-20,Chemical_22 Chemical_48 Chemical_13,Эйдикова_ИЕ,vRbMVZRwPG
Бганцева Клавдия Егоровна,Левофлоксацин,1306-02-15,Chemical_18 Chemical_16 Chemical_12,Бганцева_КЕ,N7ayZCoAh5
Аврамов Руслан Алексиевич,Кандесартан,1308-02-21,Chemical_61 Chemical_97 Chemical_31,Аврамов_РА,EBn1IcXjjF
Ханмурзина Карина Игоревна,Енап,1309-08-18,Chemical_21 Chemical_1 Chemical_34,Ханмурзина_КИ,df3Piv5pUx
Кожаурова Жанна Ивановна,Левофлоксацин,1311-10-06,Chemical_10 Chemical_5 Chemical_41,Кожаурова_ЖИ,kkf8inNYXh
Ведмедова Раиса Дмитриевна,Бетаин,1312-08-23,Chemical_78 Chemical_84 Chemical_23,Ведмедова_РД,5lU39Go9jz
Находнов Пётр Михаилович,Евалар солгар мультивитамини,1315-02-12,Chemical_1 Chemical_62 Chemical_1,Находнов_ПМ,X2Z5ZDgtZl
Маговский Константин Юриевич,Ацетилсалициловая кислота,1315-08-02,Chemical_73 Chemical_92 Chemical_9,Маговский_КЮ,78koEQOPTY
Лукьянцев Эдуард Евгеньевич,Оксикодон,1320-05-12,Chemical_40 Chemical_66 Chemical_81,Лукьянцев_ЭЕ,C7FtQLTcQo
Голбина Галина Егоровна,Лоразепам,1321-06-08,Chemical_43 Chemical_89 Chemical_2,Голбина_ГЕ,6ahuX8vTst
Балакин Пётр Антонович,Спазмалгон,1326-09-12,Chemical_42 Chemical_30 Chemical_68,Балакин_ПА,tjSjBmsm4i
Брокина Дарья Олеговна,Ацетилсалициловая кислота,1327-01-03,Chemical_8 Chemical_68 Chemical_90,Брокина_ДО,PvlkodfHDB
Рутковский Антон Кириллович,Бактрим,1327-01-22,Chemical_19 Chemical_27 Chemical_68,Рутковский_АК,k3bZcG2sQ6
Юделева Валентина Игоревна,Бромгексин,1328-10-18,Chemical_52 Chemical_65 Chemical_73,Юделева_ВИ,LyxDlC940g
Граннина Алиса Андреевна,Ранитидин,1329-04-25,Chemical_21 Chemical_89 Chemical_59,Граннина_АА,zI9Y4t2gGI
Макарова София Ивановна,Левофлоксацин,1331-02-21,Chemical_69 Chemical_61 Chemical_62,Макарова_СИ,VBY2BiAGa8
Гергиев Олег Кириллович,Омепразол,1333-04-12,Chemical_6 Chemical_93 Chemical_45,Гергиев_ОК,bxgkINdJ1f
Двизов Ярослав Данилович,Амоксиклав,1339-01-01,Chemical_13 Chemical_46 Chemical_26,Двизов_ЯД,ITWDTbL6ik
Карликов Федор Викторович,Ацетилсалициловая кислота,1340-05-22,Chemical_56 Chemical_36 Chemical_38,Карликов_ФВ,mGJs1BTQww
Литвинцов Степан Яковлевич,Ниссан,1343-04-25,Chemical_57 Chemical_33 Chemical_36,Литвинцов_СЯ,kxWpvEpMtS
Нарымова Дарья Валерьевна,Жасмин,1343-05-05,Chemical_68 Chemical_55 Chemical_6,Нарымова_ДВ,9N50hghioI
Валяскина Раиса Леонидовна,Агонал,1355-01-24,Chemical_67 Chemical_61 Chemical_3,Валяскина_РЛ,wq7fKVFTqk
Матюшова Надежда Василевна,Сульфасалазин,1362-08-01,Chemical_95 Chemical_17 Chemical_93,Матюшова_НВ,Wnim4aPITL
Ахмярова Вероника Михайловна,Виагра,1363-05-21,Chemical_26 Chemical_28 Chemical_42,Ахмярова_ВМ,qnpuiS1Y1a
Сафошин Георгий Василиевич,Колчицин,1367-03-17,Chemical_9 Chemical_17 Chemical_28,Сафошин_ГВ,zwFrEhODqb
Масленцова Алина Вадимовна,Левофлоксацин,1367-11-21,Chemical_15 Chemical_43 Chemical_83,Масленцова_АВ,4btHOKHXJo
Бардаева Анна Михайловна,Пароксетин,1368-03-04,Chemical_20 Chemical_65 Chemical_42,Бардаева_АМ,V6WVjP3bHF
Копытенков Олег Денисович,Золекс,1373-11-03,Chemical_25 Chemical_35 Chemical_39,Копытенков_ОД,5U0rJOU5A2
Ушмодина Людмила Михайловна,Мидокалм,1376-02-03,Chemical_60 Chemical_57 Chemical_23,Ушмодина_ЛМ,sm3Tf52skx
Рапиева Зинаида Никитична,Бетаин,1376-12-13,Chemical_48 Chemical_5 Chemical_53,Рапиева_ЗН,QP8g6Ur6Gk
Малшенков Дмитрий Кириллович,Женьшень,1378-06-10,Chemical_17 Chemical_6 Chemical_59,Малшенков_ДК,Hh0bkyP8CO
Девушкина Жанна Андреевна,Золедроновая кислота,1379-11-10,Chemical_23 Chemical_51 Chemical_9,Девушкина_ЖА,qQ6jJIoBS9
Космынин Константин Павлович,Мидокалм,1380-09-07,Chemical_63 Chemical_19 Chemical_25,Космынин_КП,ka9J3mVHMw
Каплина Валентина Романовна,Алпразолам,1380-12-06,Chemical_73 Chemical_48 Chemical_15,Каплина_ВР,QD0viZmV4M
Крахоткина Софья Олеговна,Амлодипин,1381-04-02,Chemical_14 Chemical_7 Chemical_65,Крахоткина_СО,aZEhcWqvhD
Лунарева Ксения Алексеевна,Ранитидин,1382-08-04,Chemical_10 Chemical_97 Chemical_88,Лунарева_КА,3e62byaZIs
Кавардин Вячеслав Тимофеевич,Аллопуринол,1388-04-06,Chemical_7 Chemical_55 Chemical_33,Кавардин_ВТ,HBKePbUazL
Курочкин Руслан Аркадиевич,Золедроновая кислота,1389-01-05,Chemical_44 Chemical_62 Chemical_73,Курочкин_РА,KCSTvgO98c
Тенлев Федор Игоревич,Омега-3 кислоты,1389-01-20,Chemical_60 Chemical_79 Chemical_80,Тенлев_ФИ,wiZEN8QIjd
Русалина Дарья Алексеевна,Ибупрофен,1390-11-03,Chemical_26 Chemical_30 Chemical_82,Русалина_ДА,uMqUegF7fp
Полхова Лариса Богдановна,Диклофенак,1391-04-27,Chemical_99 Chemical_70 Chemical_85,Полхова_ЛБ,fUmn8q4FmJ
Бальнова Светлана Богдановна,Венолайфт,1392-08-15,Chemical_27 Chemical_76 Chemical_28,Бальнова_СБ,4N9Io6rJDn
Жерденков Илья Денисович,Колчицин,1401-09-15,Chemical_95 Chemical_49 Chemical_85,Жерденков_ИД,RF9E2zs0r7
Агешкин Александр Романович,Бетаметазон,1403-04-27,Chemical_97 Chemical_18 Chemical_58,Агешкин_АР,zyeF3kylJq
Бухтулова Виктория Алексеевна,Бромгексин,1408-11-08,Chemical_72 Chemical_8 Chemical_45,Бухтулова_ВА,DOq0svp13f
Алятин Эдуард Романович,Кладрибин,1409-03-13,Chemical_51 Chemical_70 Chemical_29,Алятин_ЭР,q8WRqR3HDq
Трошнин Павел Денисович,Парацетамол,1410-10-14,Chemical_75 Chemical_4 Chemical_52,Трошнин_ПД,bTFdnAFYKS
Баршикова Оксана Валерьевна,Сетирозин,1412-05-23,Chemical_85 Chemical_2 Chemical_77,Баршикова_ОВ,3i12csA9cE
Мизельков Дмитрий Викторович,Виагра,1414-09-17,Chemical_29 Chemical_76 Chemical_67,Мизельков_ДВ,EN3tdZ72TI
Анисинкова Катерина Аркадьевна,Золаир,1414-12-11,Chemical_95 Chemical_7 Chemical_50,Анисинкова_КА,e8rpt7BABx
Голощапов Станислав Яковлевич,Азитромицин,1419-08-05,Chemical_17 Chemical_73 Chemical_39,Голощапов_СЯ,kYw1Y9gHav
Салянкин Владислав Фёдорович,Небиволол,1420-07-13,Chemical_51 Chemical_84 Chemical_32,Салянкин_ВФ,aUjrgyxeli
Милетина Александра Аркадьевна,Амитриптилин,1422-01-28,Chemical_61 Chemical_42 Chemical_31,Милетина_АА,2LDTbF8IxP
Бетова Наталья Василевна,Дектанол,1422-04-20,Chemical_38 Chemical_61 Chemical_89,Бетова_НВ,fkEYifzMFz
Кувецкая Валерия Леонидовна,Гидрохлоротиазид,1422-08-22,Chemical_17 Chemical_69 Chemical_59,Кувецкая_ВЛ,yN2VYhPM63
Мираков Михаил Алексиевич,Росувастатин,1424-02-15,Chemical_45 Chemical_6 Chemical_78,Мираков_МА,gUwZEMn9K0
Комаровцев Михаил Максимович,Оксикодон,1424-12-02,Chemical_6 Chemical_45 Chemical_21,Комаровцев_ММ,RWwt60h7vO
Мятов Алексей Юриевич,Рамиприл,1425-08-18,Chemical_72 Chemical_56 Chemical_10,Мятов_АЮ,xvCxgGhfZs
Одноценова Мария Василевна,Бактрим,1426-04-13,Chemical_14 Chemical_19 Chemical_45,Одноценова_МВ,iKV3yqsquu
Эссина Полина Ивановна,Мелатонин,1429-08-25,Chemical_20 Chemical_44 Chemical_84,Эссина_ПИ,DQsv7CBfF4
Курьянская Любовь Федоровна,Железа препараты,1432-03-23,Chemical_31 Chemical_72 Chemical_15,Курьянская_ЛФ,TkWquQNc36
Шпанина Маргарита Максимовна,Пентоксифиллин,1432-09-20,Chemical_12 Chemical_22 Chemical_37,Шпанина_ММ,JYriFuHShm
Балченкова Оксана Вадимовна,Ранитидин,1438-04-13,Chemical_9 Chemical_16 Chemical_4,Балченкова_ОВ,tBvyI5IH55
Верескина Ольга Сергеевна,Рибавирин,1439-04-28,Chemical_2 Chemical_38 Chemical_70,Верескина_ОС,t62qkxtUUK
Каяцкая Ольга Борисовна,Индометацин,1440-10-12,Chemical_21 Chemical_60 Chemical_21,Каяцкая_ОБ,AbMahJL6bS
Загладин Илья Тимофеевич,Уоллтапс,1441-04-08,Chemical_8 Chemical_75 Chemical_97,Загладин_ИТ,EViLWPG5cr
Ханевичев Геннадий Викторович,Ингавирин,1445-06-15,Chemical_100 Chemical_88 Chemical_31,Ханевичев_ГВ,t6MHdWR95p
Хайдина Маргарита Алексеевна,Бромгексин,1448-08-07,Chemical_71 Chemical_18 Chemical_99,Хайдина_МА,MO8sWkL7qk
Косых Жанна Михайловна,Пентоксифиллин,1449-09-05,Chemical_87 Chemical_89 Chemical_72,Косых_ЖМ,QsldJ2FciT
Крамина Клара Дмитриевна,Мелатонин,1449-09-06,Chemical_85 Chemical_77 Chemical_17,Крамина_КД,T5iqbFHY9j
Мразевский Артём Викторович,Диклофенак,1450-12-12,Chemical_98 Chemical_9 Chemical_50,Мразевский_АВ,eblaFy4aA9
Епанчина Клавдия Борисовна,Кладрибин,1451-07-16,Chemical_28 Chemical_71 Chemical_67,Епанчина_КБ,vcLxmdQAEJ
Данивецкая Виолетта Эдуардовна,Золедроновая кислота,1451-11-13,Chemical_37 Chemical_65 Chemical_92,Данивецкая_ВЭ,SZSh3wRmA6
Заботнов Анатолий Максимович,Тианептин,1454-04-22,Chemical_75 Chemical_98 Chemical_63,Заботнов_АМ,nuvbyJeBbQ
Бешкуров Вячеслав Данилович,Амлодипин,1456-11-04,Chemical_60 Chemical_59 Chemical_39,Бешкуров_ВД,fHWQf3NUHl
Хапилов Герасим Денисович,Пропанолол,1458-04-23,Chemical_10 Chemical_64 Chemical_91,Хапилов_ГД,menEosxkFx
Сгонников Михаил Кириллович,Ингавирин,1463-01-04,Chemical_67 Chemical_21 Chemical_35,Сгонников_МК,21eI5JRLI7
Мамаикина Лиза Леонидовна,Ретардин,1463-01-27,Chemical_31 Chemical_58 Chemical_82,Мамаикина_ЛЛ,vYx5o5BmnG
Дрычкова Кира Эдуардовна,Гропирон,1463-09-20,Chemical_100 Chemical_6 Chemical_72,Дрычкова_КЭ,hLdcHIbYWD
Городцов Игорь Валериевич,Симвастатин,1468-06-03,Chemical_45 Chemical_49 Chemical_18,Городцов_ИВ,MJYCLN3Nlz
Чачкин Владислав Денисович,Небиволол,1474-01-02,Chemical_85 Chemical_98 Chemical_94,Чачкин_ВД,aAkgEN4PFu
Перемитина Алиса Борисовна,Амлодипин,1475-10-20,Chemical_30 Chemical_16 Chemical_65,Перемитина_АБ,4WLjU9u6FQ
Киржаков Геннадий Максимович,Золедроновая кислота,1478-03-20,Chemical_51 Chemical_8 Chemical_26,Киржаков_ГМ,xNsZ1rlg9H
Куконова Алена Михайловна,Небиволол,1481-10-26,Chemical_74 Chemical_21 Chemical_38,Куконова_АМ,B89dMci7i0
Ланчеков Алексей Тимофеевич,Зылорик,1489-05-21,Chemical_63 Chemical_71 Chemical_40,Ланчеков_АТ,uek58n30z7
Докшукина Оксана Петровна,Пилипен,1491-03-01,Chemical_93 Chemical_32 Chemical_8,Докшукина_ОП,hGrnt6y3XB
Бачалдина Яна Максимовна,Урсофальк,1492-06-18,Chemical_16 Chemical_96 Chemical_33,Бачалдина_ЯМ,9Dy6e6KuSa
Мышлин Альберт Иванович,Амоксиклав,1497-03-02,Chemical_100 Chemical_2 Chemical_83,Мышлин_АИ,XALqIfkzLV
Муруев Никита Николаевич,Спазмалгон,1497-04-10,Chemical_81 Chemical_85 Chemical_82,Муруев_НН,IvQuWj1PxB
Киричуков Никита Игоревич,Бетаин,1498-08-25,Chemical_97 Chemical_15 Chemical_53,Киричуков_НИ,lgulQOmeXV
Цепикин Константин Евгеньевич,Виалар,1502-09-18,Chemical_1 Chemical_36 Chemical_54,Цепикин_КЕ,XlTS3y0sfJ
Ябковская Елена Яковлевна,Антациды,1504-12-24,Chemical_52 Chemical_27 Chemical_29,Ябковская_ЕЯ,tEMvw1avga
Петюшина Светлана Эдуардовна,Агонал,1506-10-21,Chemical_38 Chemical_53 Chemical_58,Петюшина_СЭ,i2RzWW03sK
Османова Екатерина Егоровна,Миртазапин,1509-03-03,Chemical_96 Chemical_72 Chemical_69,Османова_ЕЕ,xD0giI3LnJ
Приданов Вадим Игоревич,Амоксициллин,1511-05-20,Chemical_43 Chemical_88 Chemical_96,Приданов_ВИ,HMRLJvhWXN
Ловгинская Оксана Богдановна,Итрафунгол,1517-02-21,Chemical_94 Chemical_29 Chemical_18,Ловгинская_ОБ,xNp3uZxxtK
Добранчева Зинаида Михайловна,Оксикодон,1518-01-22,Chemical_61 Chemical_77 Chemical_95,Добранчева_ЗМ,oTeJYZ6jZe
Хатуцкая Галина Романовна,Урсофальк,1518-09-04,Chemical_81 Chemical_50 Chemical_46,Хатуцкая_ГР,yNAKAoxyKC
Шибилкин Яков Кириллович,Антациды,1518-10-06,Chemical_83 Chemical_15 Chemical_80,Шибилкин_ЯК,dNhnShBuLu
Хитьков Анатолий Петрович,Аллопуринол,1519-07-04,Chemical_87 Chemical_96 Chemical_19,Хитьков_АП,RUD0q1kRJF
Аполонин Максим Михаилович,Лоразепам,1519-07-06,Chemical_83 Chemical_62 Chemical_76,Аполонин_ММ,lZpP5wKlCN
Поводова Вероника Федоровна,Лозартан,1520-08-22,Chemical_3 Chemical_5 Chemical_44,Поводова_ВФ,z9VB7gYMoZ
Свирстина Жанна Богдановна,Допамин,1523-04-21,Chemical_89 Chemical_40 Chemical_27,Свирстина_ЖБ,l1SHVeCllV
Улерьянова Ксения Евгеньевна,Диклофенак,1523-11-17,Chemical_1 Chemical_14 Chemical_96,Улерьянова_КЕ,d60FhE3NTR
Большанин Павел Андреевич,Кетопрофен,1526-06-17,Chemical_60 Chemical_53 Chemical_35,Большанин_ПА,SFokr5W9vY
Бежджонов Антон Евгеньевич,Амитриптилин,1528-09-28,Chemical_37 Chemical_70 Chemical_13,Бежджонов_АЕ,vOWBOVfDjb
Оршин Антон Аркадиевич,Амитриптилин,1529-08-08,Chemical_91 Chemical_3 Chemical_39,Оршин_АА,th5ilWbzdR
Тюшагин Аркадий Борисович,Уоллтапс,1530-08-11,Chemical_79 Chemical_55 Chemical_23,Тюшагин_АБ,HJvyjd2WlP
Строгалев Леонид Вадимович,Пропанолол,1530-12-11,Chemical_31 Chemical_96 Chemical_91,Строгалев_ЛВ,DXdbK1Jofj
Сабаткоев Федор Викторович,Нимесулид,1531-01-04,Chemical_55 Chemical_67 Chemical_74,Сабаткоев_ФВ,c45OVwJkup
Рыжекова Алиса Богдановна,Сетирозин,1531-11-26,Chemical_2 Chemical_6 Chemical_37,Рыжекова_АБ,1OFRdbXUCu
Лузинов Вадим Михаилович,Дектанол,1537-12-04,Chemical_16 Chemical_83 Chemical_46,Лузинов_ВМ,qPQibAe29J
Курмелев Леонид Николаевич,Спазмалгон,1543-08-10,Chemical_44 Chemical_43 Chemical_15,Курмелев_ЛН,uuEpaOmjLw
Полванова Клавдия Олеговна,Спазмалгон,1544-04-05,Chemical_73 Chemical_90 Chemical_64,Полванова_КО,1w1axIWk0a
Пигунова Елизавета Федоровна,Триптаны,1546-12-10,Chemical_14 Chemical_68 Chemical_42,Пигунова_ЕФ,gh9tqt3IRW
Машурцева Алена Кирилловна,Левотироксин,1548-02-02,Chemical_42 Chemical_6 Chemical_92,Машурцева_АК,zzRx9E9IVH
Тряпкин Михаил Денисович,Евалар солгар мультивитамини,1550-02-12,Chemical_65 Chemical_11 Chemical_15,Тряпкин_МД,NU8tM1Lqp8
Щекина Евгения Федоровна,Азитромицин,1555-01-19,Chemical_76 Chemical_69 Chemical_76,Щекина_ЕФ,e5lBiqo3QI
Бложкина Анна Ивановна,Норматен,1557-07-05,Chemical_51 Chemical_67 Chemical_53,Бложкина_АИ,sC39Gv2qnM
Тормасова Клавдия Дмитриевна,Омепразол,1559-05-19,Chemical_43 Chemical_18 Chemical_54,Тормасова_КД,r7xPM0aj3A
Акацков Анатолий Кириллович,Бетаин,1567-02-19,Chemical_73 Chemical_17 Chemical_48,Акацков_АК,rdIqUimamF
Едамов Аркадий Тимофеевич,Амоксициллин,1567-10-19,Chemical_10 Chemical_40 Chemical_23,Едамов_АТ,86p5CHrRyc
Гридаева Елена Олеговна,Кандесартан,1568-03-06,Chemical_39 Chemical_9 Chemical_45,Гридаева_ЕО,7D79wyT7so
Кочурин Евгений Данилович,Транексамовая кислота,1574-01-11,Chemical_97 Chemical_25 Chemical_5,Кочурин_ЕД,O597ScmkdB
Рустямова Алина Василевна,Итрафунгол,1575-05-07,Chemical_80 Chemical_30 Chemical_57,Рустямова_АВ,Aig9pXmDTl
Бахматова Вера Борисовна,Гропирон,1575-12-23,Chemical_89 Chemical_82 Chemical_73,Бахматова_ВБ,wBDvkdQwRO
Кудинкова Ирина Михайловна,Кандесартан,1580-12-23,Chemical_90 Chemical_100 Chemical_60,Кудинкова_ИМ,r2QoUVhGzD
Реутский Федор Юриевич,Бромгексин,1584-03-18,Chemical_79 Chemical_7 Chemical_92,Реутский_ФЮ,MMpKmb98VN
Атрохин Павел Юрьевич,Диклофенак,1584-04-11,Chemical_94 Chemical_41 Chemical_3,Атрохин_ПЮ,YmF2rja37a
Чилых Виктория Вадимовна,Бисакодил,1585-08-09,Chemical_67 Chemical_26 Chemical_43,Чилых_ВВ,c98IfPv5Io
Майоркин Николай Фёдорович,Бисакодил,1587-07-04,Chemical_8 Chemical_2 Chemical_54,Майоркин_НФ,RCRvpy4tF3
Астрактова Жанна Эдуардовна,Дектанол,1588-06-12,Chemical_89 Chemical_84 Chemical_42,Астрактова_ЖЭ,iwEnNJVndq
Токарев Руслан Алексеевич,Виагра,1591-05-12,Chemical_90 Chemical_13 Chemical_52,Токарев_РА,2cyBWOY8Cc
Упорников Михаил Евгеньевич,Ибупрофен,1592-06-21,Chemical_77 Chemical_96 Chemical_19,Упорников_МЕ,kFcUssRqch
Кордашин Пётр Данилович,Ингавирин,1598-01-05,Chemical_31 Chemical_65 Chemical_25,Кордашин_ПД,g6G4JyQCMG
Эзенкина Ксения Ивановна,Ретардин,1599-01-21,Chemical_90 Chemical_92 Chemical_67,Эзенкина_КИ,pY0i7Sv1jE
Водоморина Софья Яковлевна,Метопролол,1599-06-03,Chemical_33 Chemical_79 Chemical_68,Водоморина_СЯ,zmFikFppNn
Гиричева Полина Борисовна,Метопролол,1599-09-03,Chemical_9 Chemical_62 Chemical_84,Гиричева_ПБ,BEDsS7MoqS
Отовина Любовь Игоревна,Индометацин,1600-11-20,Chemical_44 Chemical_90 Chemical_85,Отовина_ЛИ,Huem9SQvUO
Химунин Валерий Данилович,Ингавирин,1603-02-02,Chemical_26 Chemical_26 Chemical_65,Химунин_ВД,K9IcCHG7a4
Кумакова Жанна Борисовна,Лоразепам,1605-07-21,Chemical_70 Chemical_36 Chemical_6,Кумакова_ЖБ,wbKajDSKvu
Крудакова Оксана Яковлевна,Ксарелто,1609-08-10,Chemical_88 Chemical_28 Chemical_59,Крудакова_ОЯ,vWbSOEDQAX
Крумина Елизавета Михайловна,Итрафунгол,1612-01-02,Chemical_10 Chemical_73 Chemical_83,Крумина_ЕМ,DcKo20GjaH
Коптикова Раиса Вадимовна,Небиволол,1613-07-27,Chemical_54 Chemical_59 Chemical_29,Коптикова_РВ,BPHGDI2Kg4
Капланская Кристина Дмитриевна,Золекс,1616-09-13,Chemical_79 Chemical_52 Chemical_79,Капланская_КД,5GwzA804jE
Сайдакова Людмила Вадимовна,Мелоксикам,1620-02-12,Chemical_3 Chemical_23 Chemical_56,Сайдакова_ЛВ,xYAzUGs4a3
Пушменкова Наталья Богдановна,Сетирозин,1622-10-23,Chemical_68 Chemical_71 Chemical_90,Пушменкова_НБ,9sWztev2P5
Маслеева Ольга Петровна,Пропанолол,1624-06-15,Chemical_63 Chemical_10 Chemical_59,Маслеева_ОП,nYOriKi2qx
Набилкова Софья Борисовна,Дексаметазон,1625-08-25,Chemical_6 Chemical_96 Chemical_4,Набилкова_СБ,Qkw0cV3qr1
Аиненков Роман Леонидович,Мелатонин,1625-10-28,Chemical_77 Chemical_76 Chemical_24,Аиненков_РЛ,37qP91R2TY
Баранихина Алла Евгеньевна,Иммунивит,1629-02-22,Chemical_81 Chemical_100 Chemical_80,Баранихина_АЕ,i0LbHPrZdE
Кувыршина Валерия Игоревна,Золекс,1630-01-01,Chemical_64 Chemical_71 Chemical_27,Кувыршина_ВИ,ExtfioaDvc
Зулков Станислав Антонович,Валацикловир,1630-11-10,Chemical_7 Chemical_61 Chemical_87,Зулков_СА,TmWcehJ8co
Шаморкина Галина Федоровна,Кладрибин,1633-08-02,Chemical_61 Chemical_62 Chemical_48,Шаморкина_ГФ,YhvhttHbMy
Распевин Константин Валериевич,Гидрохлоротиазид,1634-09-05,Chemical_31 Chemical_94 Chemical_68,Распевин_КВ,OQ4wDJED0L
Кереметин Вячеслав Тимофеевич,Зинорам,1637-04-21,Chemical_83 Chemical_25 Chemical_38,Кереметин_ВТ,63FgiqKomB
Глинкин Владимир Викторович,Пентоксифиллин,1637-09-23,Chemical_11 Chemical_18 Chemical_63,Глинкин_ВВ,bjSP85q9xA
Борменкова Дарья Василевна,Левотироксин,1643-01-13,Chemical_74 Chemical_17 Chemical_76,Борменкова_ДВ,4YHODDv31B
Букатов Дмитрий Алексиевич,Бисакодил,1643-09-23,Chemical_53 Chemical_30 Chemical_58,Букатов_ДА,BeNQpD91aA
Охочинская Жанна Валерьевна,Триптаны,1643-10-17,Chemical_91 Chemical_3 Chemical_32,Охочинская_ЖВ,HBA8ZsA6Rf
Навотнева Лиза Богдановна,Кладрибин,1645-05-17,Chemical_82 Chemical_43 Chemical_98,Навотнева_ЛБ,8mBz9bLdSn
Петрина Наталья Аркадьевна,Лозартан,1648-04-28,Chemical_3 Chemical_70 Chemical_35,Петрина_НА,XNuLf36Oz7
Киржанкова Алиса Вадимовна,Виалар,1652-12-11,Chemical_76 Chemical_49 Chemical_89,Киржанкова_АВ,iBZrSEny73
Лисанский Илья Максимович,Индометацин,1653-09-17,Chemical_42 Chemical_85 Chemical_96,Лисанский_ИМ,3sSgDNdpNC
Любарцев Борис Викторович,Амитриптилин,1655-01-24,Chemical_81 Chemical_12 Chemical_93,Любарцев_БВ,Unj5Z4MBvC
Сафалова Зинаида Николаевна,Миртазапин,1662-05-17,Chemical_73 Chemical_98 Chemical_51,Сафалова_ЗН,HqYBew51Py
Балуев Семён Антонович,Норматен,1662-11-07,Chemical_95 Chemical_58 Chemical_71,Балуев_СА,U3kURJlP2u
Курыпина Анастасия Валерьевна,Золекс,1663-06-14,Chemical_1 Chemical_94 Chemical_63,Курыпина_АВ,a00QtcbiO2
Будрецова Клавдия Вадимовна,Сертралин,1664-01-24,Chemical_61 Chemical_38 Chemical_92,Будрецова_КВ,djB3Cmdb9n
Ампипогов Михаил Юрьевич,Иммунивит,1664-02-17,Chemical_100 Chemical_6 Chemical_44,Ампипогов_МЮ,SNPibmEg1A
Тараборина Марина Андреевна,Тианептин,1664-10-19,Chemical_63 Chemical_54 Chemical_70,Тараборина_МА,xOXjLbsZnX
Саслина Тамара Максимовна,Венолайфт,1666-10-08,Chemical_99 Chemical_22 Chemical_31,Саслина_ТМ,x2DxJmlqUo
Яшункина Дарья Сергеевна,Женьшень,1669-10-15,Chemical_30 Chemical_22 Chemical_91,Яшункина_ДС,QbepAShD14
Цуканов Иван Иванович,Венолайфт,1674-07-26,Chemical_9 Chemical_26 Chemical_26,Цуканов_ИИ,zKuuxTVljP
Хромачев Валентин Василиевич,Диклофенак,1682-02-07,Chemical_58 Chemical_12 Chemical_64,Хромачев_ВВ,ZbGIwPejeR
Колужина Виктория Богдановна,Виагра,1683-10-21,Chemical_7 Chemical_14 Chemical_66,Колужина_ВБ,U3SfTTRd2q
Иманалин Борис Кириллович,Сульфасалазин,1684-08-28,Chemical_53 Chemical_71 Chemical_80,Иманалин_БК,JHgu89713c
Пурювкин Руслан Георгиевич,Пентоксифиллин,1688-01-23,Chemical_3 Chemical_19 Chemical_37,Пурювкин_РГ,y5q4v0DtDx
Сернецкая Людмила Валерьевна,Бромгексин,1691-01-16,Chemical_40 Chemical_90 Chemical_12,Сернецкая_ЛВ,DaXO5XXrvj
Стретова Раиса Яковлевна,Дикарбазин,1694-05-06,Chemical_82 Chemical_95 Chemical_53,Стретова_РЯ,cCWkF1WMSA
Суряднова Виолетта Богдановна,Протоник,1700-07-01,Chemical_88 Chemical_25 Chemical_95,Суряднова_ВБ,4N1kY8BhmY
Пырькова Алина Викторовна,Вальтрекс,1704-12-07,Chemical_36 Chemical_68 Chemical_52,Пырькова_АВ,fWnDIgu6JN
Хихеткин Артур Евгеньевич,Азитромицин,1705-12-14,Chemical_39 Chemical_80 Chemical_63,Хихеткин_АЕ,ohqs3pF0aY
Шалчков Денис Викторович,Рамиприл,1706-06-08,Chemical_58 Chemical_70 Chemical_1,Шалчков_ДВ,Yv2WSAADzQ
Мошаева Кира Валерьевна,Глюкозамин,1709-01-08,Chemical_25 Chemical_79 Chemical_11,Мошаева_КВ,mErqLBk9Gi
Алавердиев Степан Олегович,Росувастатин,1710-06-20,Chemical_8 Chemical_73 Chemical_53,Алавердиев_СО,k7SvUz0SBc
Обризова Алена Олеговна,Антациды,1712-06-24,Chemical_58 Chemical_35 Chemical_10,Обризова_АО,Qw8qCYHHke
Тахтауров Эдуард Данилович,Норматен,1717-01-20,Chemical_92 Chemical_81 Chemical_32,Тахтауров_ЭД,wGX1PAS542
Каинкова Виктория Валерьевна,Амлодипин,1718-05-07,Chemical_3 Chemical_98 Chemical_89,Каинкова_ВВ,tRsc2dPwPw
Цыбышев Николай Антонович,Бромгексин,1724-08-07,Chemical_36 Chemical_40 Chemical_36,Цыбышев_НА,KW9Cvz5KYc
Скитский Вадим Викторович,Лоразепам,1725-10-11,Chemical_14 Chemical_81 Chemical_84,Скитский_ВВ,qjPJQAUYSJ
Жегланова Алёна Ивановна,Колчицин,1726-04-28,Chemical_51 Chemical_50 Chemical_64,Жегланова_АИ,wzdhMbwkRq
Колокатов Владислав Вадимович,Лоразепам,1731-01-12,Chemical_63 Chemical_47 Chemical_21,Колокатов_ВВ,pvVdlNTrWl
Крючатов Ярослав Антонович,Миртазапин,1734-03-17,Chemical_51 Chemical_64 Chemical_70,Крючатов_ЯА,NmiQrfytDW
Гудашов Юрий Алексиевич,Ибупрофен,1736-03-19,Chemical_7 Chemical_9 Chemical_40,Гудашов_ЮА,plxkIgfpn7
Назарбаев Геннадий Вадимович,Ёжик,1739-07-09,Chemical_68 Chemical_66 Chemical_31,Назарбаев_ГВ,FJXkAzHJ2P
Кожетев Максим Аркадиевич,Алпразолам,1743-04-03,Chemical_26 Chemical_76 Chemical_16,Кожетев_МА,TMlvK4c2dN
Столинская Дарья Викторовна,Алпразолам,1743-11-06,Chemical_75 Chemical_70 Chemical_49,Столинская_ДВ,iUk0XWEXWH
Балькина Анна Игоревна,Золекс,1744-10-09,Chemical_33 Chemical_16 Chemical_77,Балькина_АИ,DWBkx9NrdX
Листиков Валентин Михаилович,Виалар,1748-12-27,Chemical_86 Chemical_61 Chemical_8,Листиков_ВМ,V3kSvJXGEN
Чундерова Катерина Никитична,Колчицин,1755-10-02,Chemical_68 Chemical_17 Chemical_74,Чундерова_КН,lGnoX8lqbU
Акимочкина Александра Аркадьевна,Ниссан,1755-10-23,Chemical_13 Chemical_37 Chemical_50,Акимочкина_АА,q1AWBJHTWy
Веденисов Василий Юриевич,Бетаметазон,1760-03-11,Chemical_1 Chemical_79 Chemical_23,Веденисов_ВЮ,r5UCrBiOQR
Лантюгов Анатолий Адамович,Левофлоксацин,1760-06-01,Chemical_21 Chemical_72 Chemical_4,Лантюгов_АА,OuQW3cWPkC
Тановицкий Тарас Виталиевич,Тикалиптин,1762-03-15,Chemical_55 Chemical_91 Chemical_31,Тановицкий_ТВ,o4Fg5GKCrG
Окладнова Алена Максимовна,Агонал,1765-03-28,Chemical_26 Chemical_32 Chemical_27,Окладнова_АМ,ftViCj2ph7
Дохин Борис Антонович,Левотироксин,1765-05-21,Chemical_86 Chemical_69 Chemical_98,Дохин_БА,ThaXk5f4po
Сымчева Зинаида Богдановна,Бисакодил,1765-06-26,Chemical_53 Chemical_58 Chemical_28,Сымчева_ЗБ,DeJaOp5YKy
Мавлекиева Дарья Валерьевна,Зинорам,1766-05-02,Chemical_15 Chemical_8 Chemical_59,Мавлекиева_ДВ,x76YJgoeJb
Сочинский Владислав Антонович,Пилипен,1773-11-11,Chemical_97 Chemical_8 Chemical_73,Сочинский_ВА,YrNFJdNdz2
Селемнева Мария Вадимовна,Омепразол,1776-10-08,Chemical_67 Chemical_94 Chemical_77,Селемнева_МВ,7WCE2B4cLU
Огулова Виктория Борисовна,Глюкозамин,1779-08-09,Chemical_79 Chemical_14 Chemical_40,Огулова_ВБ,uhVY3UvqBp
Челочева София Олеговна,Нитросорбид,1780-12-07,Chemical_11 Chemical_48 Chemical_12,Челочева_СО,82sukhRFVa
Лошадина Екатерина Евгеньевна,Жасмин,1783-12-14,Chemical_11 Chemical_44 Chemical_39,Лошадина_ЕЕ,O23sLQUIx3
Мойкина Инна Василевна,Рибавирин,1790-07-15,Chemical_53 Chemical_73 Chemical_83,Мойкина_ИВ,RDnXNAunGf
Падолкина Надежда Ивановна,Ингавирин,1792-05-08,Chemical_80 Chemical_13 Chemical_85,Падолкина_НИ,OaT0vRBNW7
Полатов Павел Алексеевич,Рамиприл,1792-07-25,Chemical_51 Chemical_6 Chemical_61,Полатов_ПА,XthYnmwIPB
Микрюков Аркадий Антонович,Урсофальк,1797-03-12,Chemical_92 Chemical_86 Chemical_95,Микрюков_АА,4UltpAgWQQ
Клецкина Виктория Яковлевна,Ёжик,1800-08-04,Chemical_32 Chemical_18 Chemical_21,Клецкина_ВЯ,FDS9Hy2EVu
Зябкина Валерия Михайловна,Бетаин,1801-03-24,Chemical_21 Chemical_90 Chemical_87,Зябкина_ВМ,ibJYAJk1YE
Абубекаров Олег Юриевич,Сертралин,1811-03-08,Chemical_63 Chemical_17 Chemical_13,Абубекаров_ОЮ,hUD2EoQbH3
Кеплина Наталия Борисовна,Витамин С,1811-03-23,Chemical_49 Chemical_75 Chemical_27,Кеплина_НБ,arc6aGy7yF
Роговский Вадим Алексиевич,Иммунивит,1813-09-12,Chemical_99 Chemical_11 Chemical_30,Роговский_ВА,DzWT9AzLrM
Фимошина Виктория Романовна,Левотироксин,1814-03-23,Chemical_72 Chemical_3 Chemical_59,Фимошина_ВР,ZXDvHdiiFV
Сапетина Марина Дмитриевна,Спазмалгон,1814-12-23,Chemical_39 Chemical_84 Chemical_74,Сапетина_МД,QE82gV6Rkt
Пошнагова Юлия Кирилловна,Железа препараты,1815-11-04,Chemical_61 Chemical_38 Chemical_2,Пошнагова_ЮК,UlsQsXleSV
Шмитов Никита Игоревич,Левофлоксацин,1817-07-04,Chemical_41 Chemical_81 Chemical_61,Шмитов_НИ,6gHPFwuo1C
Цицеров Альберт Антонович,Небиволол,1820-01-05,Chemical_6 Chemical_48 Chemical_7,Цицеров_АА,P5z1XRkHp1
Хорошилин Кирилл Фёдорович,Мезим,1820-07-08,Chemical_16 Chemical_44 Chemical_52,Хорошилин_КФ,p9kfmxupPf
Евиланова Раиса Федоровна,Габапентин,1823-07-15,Chemical_80 Chemical_75 Chemical_21,Евиланова_РФ,PvcnGX6UQc
Мамсуров Валентин Алексеевич,Урсофальк,1824-07-22,Chemical_73 Chemical_82 Chemical_41,Мамсуров_ВА,UGu5nIqDh2
Тюлюлюева Анна Яковлевна,Нитросорбид,1827-09-25,Chemical_18 Chemical_69 Chemical_93,Тюлюлюева_АЯ,G00oID0L1b
Яйцев Григорий Петрович,Алпразолам,1829-04-02,Chemical_100 Chemical_29 Chemical_69,Яйцев_ГП,6SjJUipNGW
Левжинская Екатерина Кирилловна,Атенолол,1830-03-09,Chemical_98 Chemical_91 Chemical_74,Левжинская_ЕК,pIbabaFYj3
Худаева Виктория Богдановна,Диклофенак,1833-07-23,Chemical_29 Chemical_53 Chemical_96,Худаева_ВБ,8dt5frKzT2
Цыпушкина Елена Андреевна,Енап,1837-04-20,Chemical_77 Chemical_69 Chemical_1,Цыпушкина_ЕА,nZHFc8RDWo
Чушева Лиза Кирилловна,Кетопрофен,1839-02-24,Chemical_6 Chemical_55 Chemical_56,Чушева_ЛК,6IIvu4tgQy
Баласанов Георгий Данилович,Бетаметазон,1843-03-13,Chemical_45 Chemical_89 Chemical_70,Баласанов_ГД,KI17ePo7vY
Снитникова Маргарита Богдановна,Итрафунгол,1844-10-11,Chemical_13 Chemical_50 Chemical_12,Снитникова_МБ,sjMrqWPtVh
Чармосова Наталия Алексеевна,Сетирозин,1847-05-17,Chemical_88 Chemical_84 Chemical_5,Чармосова_НА,NrgU6rC6zr
Любиров Тарас Яковлевич,Бетаин,1848-08-18,Chemical_81 Chemical_15 Chemical_67,Любиров_ТЯ,DD24F2km2i
Плантова Катерина Николаевна,Урсофальк,1849-12-27,Chemical_19 Chemical_60 Chemical_28,Плантова_КН,Ei8iSEwfHL
Гирина Ева Никитична,Живина,1850-01-12,Chemical_94 Chemical_8 Chemical_86,Гирина_ЕН,bmXPBtiPan
Аскаров Илья Кириллович,Ниссан,1851-02-04,Chemical_100 Chemical_39 Chemical_76,Аскаров_ИК,jjslxqq8Py
Жилнина Алла Федоровна,Мелатонин,1851-12-10,Chemical_2 Chemical_75 Chemical_77,Жилнина_АФ,sp4C9OlVD5
Чумакаев Денис Юриевич,Сульфасалазин,1852-09-27,Chemical_75 Chemical_27 Chemical_11,Чумакаев_ДЮ,1h8YYZ7YeA
Кимятов Владимир Евгеньевич,Дектанол,1854-12-15,Chemical_43 Chemical_98 Chemical_34,Кимятов_ВЕ,SWuWAke0r1
Сергушова Ева Викторовна,Железа препараты,1858-03-15,Chemical_30 Chemical_69 Chemical_24,Сергушова_ЕВ,WPufWjw9Ky
Курузаева Анна Алексеевна,Глюкозамин,1860-08-28,Chemical_43 Chemical_89 Chemical_72,Курузаева_АА,DjTpW7C0FA
Кудисов Леонид Фёдорович,Триптаны,1862-02-05,Chemical_14 Chemical_99 Chemical_4,Кудисов_ЛФ,Gn7xdBWBwq
Заяшникова Оксана Борисовна,Диклофенак,1869-08-12,Chemical_96 Chemical_73 Chemical_84,Заяшникова_ОБ,E28AAQxn42
Чернедова Алиса Аркадьевна,Оланзапин,1869-08-16,Chemical_21 Chemical_17 Chemical_57,Чернедова_АА,qdD171F9O0
Буралкина Екатерина Аркадьевна,Омега-3 кислоты,1873-05-13,Chemical_72 Chemical_28 Chemical_90,Буралкина_ЕА,CbWm760dRf
Гизулина Галина Ивановна,Омепразол,1875-10-22,Chemical_9 Chemical_3 Chemical_59,Гизулина_ГИ,g2SlDqr4yW
Чужакова Мария Дмитриевна,Метформин,1878-03-01,Chemical_20 Chemical_6 Chemical_8,Чужакова_МД,yA66e3oc5w
Коненкина Софья Леонидовна,Дектанол,1878-10-03,Chemical_24 Chemical_45 Chemical_72,Коненкина_СЛ,CXSMHRKojU
Жебракова Полина Игоревна,Бисопролол,1886-02-19,Chemical_87 Chemical_27 Chemical_19,Жебракова_ПИ,lEDJsCmFEc
Шестимиров Михаил Фёдорович,Железа препараты,1887-03-13,Chemical_87 Chemical_67 Chemical_20,Шестимиров_МФ,fQE6B3hXNh
Ящикова Елизавета Максимовна,Бензоилпероксид,1887-05-26,Chemical_5 Chemical_18 Chemical_3,Ящикова_ЕМ,oCAL7PCLrv
Сайдышева Софья Никитична,Глюкозамин,1890-06-02,Chemical_45 Chemical_8 Chemical_49,Сайдышева_СН,AbA3McRpwY
Джоев Вадим Юриевич,Норматен,1896-08-19,Chemical_58 Chemical_85 Chemical_95,Джоев_ВЮ,lTQTkENofH
Панчекин Виталий Аркадиевич,Тикалиптин,1896-12-08,Chemical_33 Chemical_22 Chemical_94,Панчекин_ВА,DM9iMeEMKY
Каледенков Вячеслав Денисович,Миртазапин,1901-05-08,Chemical_25 Chemical_60 Chemical_37,Каледенков_ВД,T1pBXVOrrO
Капцева Юлия Федоровна,Виалар,1902-07-26,Chemical_17 Chemical_89 Chemical_14,Капцева_ЮФ,RG0XcNP46S
Меркулов Андрей Аркадиевич,Мелоксикам,1905-09-07,Chemical_46 Chemical_74 Chemical_56,Меркулов_АА,ZSnNsQQY94
Леплинский Владислав Юриевич,Кетопрофен,1907-02-06,Chemical_63 Chemical_97 Chemical_69,Леплинский_ВЮ,hxSXYxwDsx
Бояршинов Алексей Адамович,Ингавирин,1907-06-08,Chemical_32 Chemical_35 Chemical_22,Бояршинов_АА,Vnb8I6FHvp
Шелдукова Алина Викторовна,Метформин,1908-06-19,Chemical_28 Chemical_22 Chemical_60,Шелдукова_АВ,Ak6cVCGvlX
Дергунская Яна Эдуардовна,Колчицин,1909-04-19,Chemical_70 Chemical_7 Chemical_23,Дергунская_ЯЭ,FeLtcgCcZu
Агакишиев Степан Алексеевич,Мифепристон,1911-06-06,Chemical_54 Chemical_89 Chemical_44,Агакишиев_СА,1eWMN2Jsuo
Кормщиков Евгений Юриевич,Левофлоксацин,1911-06-28,Chemical_57 Chemical_29 Chemical_63,Кормщиков_ЕЮ,bptUN7e2a2
Ксынкин Кирилл Олегович,Евалар солгар мультивитамини,1915-03-18,Chemical_16 Chemical_27 Chemical_70,Ксынкин_КО,aftAtXM8dy
Плантюрина Алёна Аркадьевна,Индометацин,1915-06-14,Chemical_64 Chemical_99 Chemical_46,Плантюрина_АА,CV4LodZk7E
Зазнобкина Ирина Богдановна,Золаир,1917-10-07,Chemical_58 Chemical_65 Chemical_98,Зазнобкина_ИБ,0Lv8G5HnvZ
Карапозов Константин Василиевич,Левотироксин,1918-06-07,Chemical_55 Chemical_29 Chemical_4,Карапозов_КВ,4dCNYf2gCD
Ордянская Елизавета Вадимовна,Енап,1926-02-14,Chemical_5 Chemical_9 Chemical_36,Ордянская_ЕВ,JY9CyOyfjn
Мокрышева Зинаида Вадимовна,Бетаметазон,1935-10-15,Chemical_36 Chemical_91 Chemical_93,Мокрышева_ЗВ,6eKUIgHtfR
Гермогенов Иван Тимофеевич,Амоксиклав,1936-10-10,Chemical_97 Chemical_22 Chemical_38,Гермогенов_ИТ,4fMDQTzg04
Веденякин Аркадий Иванович,Спазмалгон,1938-09-24,Chemical_93 Chemical_95 Chemical_18,Веденякин_АИ,43Tlt4vSVU
Помазенцев Яков Тимофеевич,Сетирозин,1941-02-23,Chemical_81 Chemical_34 Chemical_65,Помазенцев_ЯТ,GJZ0kw6W92
Варваркина Софья Максимовна,Метопролол,1946-05-17,Chemical_64 Chemical_45 Chemical_83,Варваркина_СМ,vPNmTjHEy5
Гермоченов Аркадий Леонидович,Кетопрофен,1948-11-11,Chemical_74 Chemical_47 Chemical_87,Гермоченов_АЛ,AOzcvb13Bw
Печуркина Жанна Борисовна,Виагра,1950-09-19,Chemical_40 Chemical_38 Chemical_48,Печуркина_ЖБ,t2O4XIJIAc
Желнеронов Георгий Тимофеевич,Аллопуринол,1955-12-21,Chemical_96 Chemical_44 Chemical_73,Желнеронов_ГТ,XriL1D5hdw
Осконов Роман Андреевич,Амоксиклав,1957-06-01,Chemical_6 Chemical_45 Chemical_30,Осконов_РА,vVDPK0mNEY
Царитова Галина Олеговна,Омега-3 кислоты,1962-05-03,Chemical_97 Chemical_61 Chemical_81,Царитова_ГО,2ctwwHw1BF
Колбиев Андрей Георгиевич,Миртазапин,1963-09-11,Chemical_91 Chemical_45 Chemical_71,Колбиев_АГ,AcDhqXDTOe
Бобова Марина Вадимовна,Виагра,1968-03-15,Chemical_33 Chemical_16 Chemical_31,Бобова_МВ,OsGu8i09Vi
Нетунаев Руслан Петрович,Клопидогрел,1969-06-01,Chemical_99 Chemical_87 Chemical_25,Нетунаев_РП,vie3XdVQ2w
Нягусева Клара Никитична,Бактрим,1971-09-01,Chemical_46 Chemical_84 Chemical_83,Нягусева_КН,1jcdOCZMCR
Челинцев Александр Максимович,Алпразолам,1971-11-07,Chemical_52 Chemical_53 Chemical_81,Челинцев_АМ,3wOvjdiMO2
Донышева Людмила Кирилловна,Золаир,1972-06-26,Chemical_19 Chemical_69 Chemical_82,Донышева_ЛК,0cMDfBHv2g
Смаркин Семён Андреевич,Золаир,1973-12-11,Chemical_66 Chemical_71 Chemical_50,Смаркин_СА,XOudpRdeqy
Горшенин Анатолий Фёдорович,Нимесулид,1976-01-19,Chemical_7 Chemical_38 Chemical_13,Горшенин_АФ,Y6qi7Iqg6l
Бандалетов Илья Викторович,Дикарбазин,1977-02-07,Chemical_86 Chemical_12 Chemical_48,Бандалетов_ИВ,oYAXPXT0vM
Гарская Евгения Никитична,Пилипен,1983-11-20,Chemical_2 Chemical_15 Chemical_11,Гарская_ЕН,143P4jJr0v
Худеньких Вадим Максимович,Амоксициллин,1986-02-21,Chemical_15 Chemical_41 Chemical_84,Худеньких_ВМ,e5CnT5mcHP
Мятлев Георгий Денисович,Азитромицин,1987-08-26,Chemical_16 Chemical_14 Chemical_48,Мятлев_ГД,B4bZYYTNMM
Хайзникова Дарья Сергеевна,Пилипен,1987-10-10,Chemical_97 Chemical_82 Chemical_99,Хайзникова_ДС,uAl4F2XV8r
Болхова Яна Никитична,Валидол,1988-08-09,Chemical_27 Chemical_66 Chemical_94,Болхова_ЯН,QcjOdQkJu3
Якутенкова Жанна Валерьевна,Сертралин,1988-08-19,Chemical_64 Chemical_69 Chemical_10,Якутенкова_ЖВ,wMgk5Ak6Gb
Затолопин Семён Олегович,Жасмин,1988-08-23,Chemical_86 Chemical_34 Chemical_26,Затолопин_СО,K4zaITQ8IO
Будяков Михаил Петрович,Женьшень,1989-11-10,Chemical_24 Chemical_17 Chemical_83,Будяков_МП,vkWVjE1Tsz
Антогина Лариса Евгеньевна,Железа препараты,1991-01-07,Chemical_86 Chemical_24 Chemical_78,Антогина_ЛЕ,vVKMEAoGxM
Алексакова Карина Дмитриевна,Амоксиклав,1996-06-15,Chemical_18 Chemical_4 Chemical_48,Алексакова_КД,LWQrDxXsaF
Арончикова Вероника Викторовна,Живина,2000-01-25,Chemical_22 Chemical_91 Chemical_60,Арончикова_ВВ,bLMvBMun5w
Шишулина Анастасия Дмитриевна,Мелоксикам,2001-07-13,Chemical_41 Chemical_68 Chemical_71,Шишулина_АД,wElkJo1QRN
Гнуздев Евгений Яковлевич,Золедроновая кислота,2002-09-15,Chemical_27 Chemical_15 Chemical_14,Гнуздев_ЕЯ,yLBuX3eEWY
Досадина Зинаида Игоревна,Росувастатин,2005-09-16,Chemical_4 Chemical_30 Chemical_45,Досадина_ЗИ,FlmU6zQZwA
Спорягина Анна Кирилловна,Антациды,2009-03-04,Chemical_16 Chemical_19 Chemical_14,Спорягина_АК,5r4VluFwEf
Бельцов Алексей Яковлевич,Ретардин,2011-04-09,Chemical_2 Chemical_23 Chemical_92,Бельцов_АЯ,R21RuKmXqj
Лементуев Никита Фёдорович,Пилипен,2012-08-01,Chemical_22 Chemical_31 Chemical_48,Лементуев_НФ,VUMjgIl9r3
Абалмазов Валентин Петрович,Пропанолол,2020-05-02,Chemical_4 Chemical_90 Chemical_93,Абалмазов_ВП,6YSopFHy3U
Гродобоев Константин Михаилович,Оксикодон,2021-07-28,Chemical_64 Chemical_33 Chemical_76,Гродобоев_КМ,uShhMUCKKH
Корельцев Валерий Адамович,Валидол,2021-11-07,Chemical_26 Chemical_60 Chemical_42,Корельцев_ВА,JeWUTR3EPA
Голыбина Оксана Михайловна,Евалар солгар мультивитамини,2022-02-08,Chemical_100 Chemical_14 Chemical_94,Голыбина_ОМ,9l1fT0oDzy